-- MySQL dump 10.13  Distrib 5.6.40, for macos10.13 (x86_64)
--
-- Host: localhost    Database: employees
-- ------------------------------------------------------
-- Server version	5.6.40

/*!40101 SET @OLD_CHARACTER_SET_CLIENT=@@CHARACTER_SET_CLIENT */;
/*!40101 SET @OLD_CHARACTER_SET_RESULTS=@@CHARACTER_SET_RESULTS */;
/*!40101 SET @OLD_COLLATION_CONNECTION=@@COLLATION_CONNECTION */;
/*!40101 SET NAMES utf8 */;
/*!40103 SET @OLD_TIME_ZONE=@@TIME_ZONE */;
/*!40103 SET TIME_ZONE='+00:00' */;
/*!40014 SET @OLD_UNIQUE_CHECKS=@@UNIQUE_CHECKS, UNIQUE_CHECKS=0 */;
/*!40014 SET @OLD_FOREIGN_KEY_CHECKS=@@FOREIGN_KEY_CHECKS, FOREIGN_KEY_CHECKS=0 */;
/*!40101 SET @OLD_SQL_MODE=@@SQL_MODE, SQL_MODE='NO_AUTO_VALUE_ON_ZERO' */;
/*!40111 SET @OLD_SQL_NOTES=@@SQL_NOTES, SQL_NOTES=0 */;

--
-- Table structure for table `departments`
--

DROP TABLE IF EXISTS `departments`;
/*!40101 SET @saved_cs_client     = @@character_set_client */;
/*!40101 SET character_set_client = utf8 */;
CREATE TABLE `departments` (
  `dept_no` char(4) NOT NULL,
  `dept_name` varchar(40) NOT NULL,
  PRIMARY KEY (`dept_no`),
  UNIQUE KEY `dept_name` (`dept_name`)
) ENGINE=InnoDB DEFAULT CHARSET=utf8;
/*!40101 SET character_set_client = @saved_cs_client */;

--
-- Dumping data for table `departments`
--

LOCK TABLES `departments` WRITE;
/*!40000 ALTER TABLE `departments` DISABLE KEYS */;
INSERT INTO `departments` VALUES ('d009','Customer Service'),('d005','Development'),('d002','Finance'),('d003','Human Resources'),('d001','Marketing'),('d004','Production'),('d006','Quality Management'),('d008','Research'),('d007','Sales');
/*!40000 ALTER TABLE `departments` ENABLE KEYS */;
UNLOCK TABLES;

--
-- Table structure for table `dept_emp`
--

DROP TABLE IF EXISTS `dept_emp`;
/*!40101 SET @saved_cs_client     = @@character_set_client */;
/*!40101 SET character_set_client = utf8 */;
CREATE TABLE `dept_emp` (
  `emp_no` int(11) NOT NULL,
  `dept_no` char(4) NOT NULL,
  `from_date` date NOT NULL,
  `to_date` date NOT NULL,
  PRIMARY KEY (`emp_no`,`dept_no`),
  KEY `emp_no` (`emp_no`),
  KEY `dept_no` (`dept_no`),
  CONSTRAINT `dept_emp_ibfk_1` FOREIGN KEY (`emp_no`) REFERENCES `employees` (`emp_no`) ON DELETE CASCADE,
  CONSTRAINT `dept_emp_ibfk_2` FOREIGN KEY (`dept_no`) REFERENCES `departments` (`dept_no`) ON DELETE CASCADE
) ENGINE=InnoDB DEFAULT CHARSET=utf8;
/*!40101 SET character_set_client = @saved_cs_client */;

--
-- Dumping data for table `dept_emp`
--

LOCK TABLES `dept_emp` WRITE;
/*!40000 ALTER TABLE `dept_emp` DISABLE KEYS */;
INSERT INTO `dept_emp` VALUES (10001,'d005','1986-06-26','1999-01-01'),(10002,'d007','1996-08-03','1999-01-01'),(10003,'d004','1995-12-03','1999-01-01'),(10004,'d004','1986-12-01','1999-01-01'),(10005,'d003','1989-09-12','1999-01-01'),(10006,'d005','1990-08-05','1999-01-01'),(10007,'d008','1989-02-10','1999-01-01'),(10008,'d005','1998-03-11','2000-07-31'),(10009,'d006','1985-02-18','1999-01-01'),(10010,'d004','1996-11-24','2000-06-26');
/*!40000 ALTER TABLE `dept_emp` ENABLE KEYS */;
UNLOCK TABLES;

--
-- Table structure for table `dept_manager`
--

DROP TABLE IF EXISTS `dept_manager`;
/*!40101 SET @saved_cs_client     = @@character_set_client */;
/*!40101 SET character_set_client = utf8 */;
CREATE TABLE `dept_manager` (
  `emp_no` int(11) NOT NULL,
  `dept_no` char(4) NOT NULL,
  `from_date` date NOT NULL,
  `to_date` date NOT NULL,
  PRIMARY KEY (`emp_no`,`dept_no`),
  KEY `emp_no` (`emp_no`),
  KEY `dept_no` (`dept_no`),
  CONSTRAINT `dept_manager_ibfk_1` FOREIGN KEY (`emp_no`) REFERENCES `employees` (`emp_no`) ON DELETE CASCADE,
  CONSTRAINT `dept_manager_ibfk_2` FOREIGN KEY (`dept_no`) REFERENCES `departments` (`dept_no`) ON DELETE CASCADE
) ENGINE=InnoDB DEFAULT CHARSET=utf8;
/*!40101 SET character_set_client = @saved_cs_client */;

--
-- Dumping data for table `dept_manager`
--

LOCK TABLES `dept_manager` WRITE;
/*!40000 ALTER TABLE `dept_manager` DISABLE KEYS */;
INSERT INTO `dept_manager` VALUES (10001,'d005','1986-06-26','9999-01-01'),(10002,'d007','1996-08-03','9999-01-01'),(10003,'d004','1995-12-03','9999-01-01');
/*!40000 ALTER TABLE `dept_manager` ENABLE KEYS */;
UNLOCK TABLES;

--
-- Table structure for table `employees`
--

DROP TABLE IF EXISTS `employees`;
/*!40101 SET @saved_cs_client     = @@character_set_client */;
/*!40101 SET character_set_client = utf8 */;
CREATE TABLE `employees` (
  `emp_no` int(11) NOT NULL AUTO_INCREMENT,
  `birth_date` date NOT NULL,
  `first_name` varchar(14) NOT NULL,
  `last_name` varchar(16) NOT NULL,
  `gender` enum('M','F') NOT NULL,
  `hire_date` date NOT NULL,
  PRIMARY KEY (`emp_no`)
) ENGINE=InnoDB AUTO_INCREMENT=10012 DEFAULT CHARSET=utf8;
/*!40101 SET character_set_client = @saved_cs_client */;

--
-- Dumping data for table `employees`
--

LOCK TABLES `employees` WRITE;
/*!40000 ALTER TABLE `employees` DISABLE KEYS */;
INSERT INTO `employees` VALUES (10001,'1953-09-02','Georgi','Facello','M','1986-06-26'),(10002,'1964-06-02','Bezalel','Simmel','F','1985-11-21'),(10003,'1959-12-03','Parto','Bamford','M','1986-08-28'),(10004,'1954-05-01','Chirstian','Koblick','M','1986-12-01'),(10005,'1955-01-21','Kyoichi','Maliniak','M','1989-09-12'),(10006,'1953-04-20','Anneke','Preusig','F','1989-06-02'),(10007,'1957-05-23','Tzvetan','Zielinski','F','1989-02-10'),(10008,'1958-02-19','Saniya','Kalloufi','M','1994-09-15'),(10009,'1952-04-19','Sumant','Peac','F','1985-02-18'),(10010,'1963-06-01','Duangkaew','Piveteau','F','1989-08-24'),(10011,'1977-06-14','Geert','Vanderkelen','M','2020-11-30');
/*!40000 ALTER TABLE `employees` ENABLE KEYS */;
UNLOCK TABLES;

--
-- Table structure for table `salaries`
--

DROP TABLE IF EXISTS `salaries`;
/*!40101 SET @saved_cs_client     = @@character_set_client */;
/*!40101 SET character_set_client = utf8 */;
CREATE TABLE `salaries` (
  `emp_no` int(11) NOT NULL,
  `salary` int(11) NOT NULL,
  `from_date` date NOT NULL,
  `to_date` date NOT NULL,
  PRIMARY KEY (`emp_no`,`from_date`),
  KEY `emp_no` (`emp_no`),
  CONSTRAINT `salaries_ibfk_1` FOREIGN KEY (`emp_no`) REFERENCES `employees` (`emp_no`) ON DELETE CASCADE
) ENGINE=InnoDB DEFAULT CHARSET=utf8;
/*!40101 SET character_set_client = @saved_cs_client */;

--
-- Dumping data for table `salaries`
--

LOCK TABLES `salaries` WRITE;
/*!40000 ALTER TABLE `salaries` DISABLE KEYS */;
INSERT INTO `salaries` VALUES (10001,60117,'1986-06-26','1987-06-26'),(10002,72527,'2001-08-02','9999-01-01'),(10003,43311,'2001-12-01','9999-01-01'),(10004,74057,'2001-11-27','9999-01-01'),(10005,78228,'1989-09-12','1990-09-12'),(10006,40000,'1990-08-05','1991-08-05'),(10007,88070,'2002-02-07','9999-01-01'),(10008,52668,'2000-03-10','2000-07-31'),(10009,94409,'2002-02-14','9999-01-01'),(10010,80326,'2001-11-23','9999-01-01'),(10011,110000,'2020-11-30','9999-01-01');
/*!40000 ALTER TABLE `salaries` ENABLE KEYS */;
UNLOCK TABLES;

--
-- Table structure for table `titles`
--

DROP TABLE IF EXISTS `titles`;
/*!40101 SET @saved_cs_client     = @@character_set_client */;
/*!40101 SET character_set_client = utf8 */;
CREATE TABLE `titles` (
  `emp_no` int(11) NOT NULL,
  `title` varchar(50) NOT NULL,
  `from_date` date NOT NULL,
  `to_date` date DEFAULT NULL,
  PRIMARY KEY (`emp_no`,`title`,`from_date`),
  KEY `emp_no` (`emp_no`),
  CONSTRAINT `titles_ibfk_1` FOREIGN KEY (`emp_no`) REFERENCES `employees` (`emp_no`) ON DELETE CASCADE
) ENGINE=InnoDB DEFAULT CHARSET=utf8;
/*!40101 SET character_set_client = @saved_cs_client */;

--
-- Dumping data for table `titles`
--

LOCK TABLES `titles` WRITE;
/*!40000 ALTER TABLE `titles` DISABLE KEYS */;
INSERT INTO `titles` VALUES (10001,'Senior Engineer','1986-06-26','9999-01-01'),(10002,'Staff','1996-08-03','9999-01-01'),(10003,'Senior Engineer','1995-12-03','9999-01-01'),(10004,'Engineer','1986-12-01','1995-12-01'),(10005,'Senior Staff','1996-09-12','9999-01-01'),(10006,'Senior Engineer','1990-08-05','9999-01-01'),(10007,'Staff','1989-02-10','1996-02-11'),(10008,'Assistant Engineer','1998-03-11','2000-07-31'),(10009,'Assistant Engineer','1985-02-18','1990-02-18'),(10009,'Senior Engineer','1995-02-18','9999-01-01'),(10010,'Engineer','1996-11-24','9999-01-01');
/*!40000 ALTER TABLE `titles` ENABLE KEYS */;
UNLOCK TABLES;
/*!40103 SET TIME_ZONE=@OLD_TIME_ZONE */;

/*!40101 SET SQL_MODE=@OLD_SQL_MODE */;
/*!40014 SET FOREIGN_KEY_CHECKS=@OLD_FOREIGN_KEY_CHECKS */;
/*!40014 SET UNIQUE_CHECKS=@OLD_UNIQUE_CHECKS */;
/*!40101 SET CHARACTER_SET_CLIENT=@OLD_CHARACTER_SET_CLIENT */;
/*!40101 SET CHARACTER_SET_RESULTS=@OLD_CHARACTER_SET_RESULTS */;
/*!40101 SET COLLATION_CONNECTION=@OLD_COLLATION_CONNECTION */;
/*!40111 SET SQL_NOTES=@OLD_SQL_NOTES */;

-- Dump completed on 2020-12-03 22:06:29
